Long URL,Short URL,Title
https://www.okapi-online.de/okapi-sekretosan.html,sekretosan,okapi-sekretosan
https://www.okapi-online.de/knaex-altweibersommer.html,knaex-gesund-durchs-jahr-–-september:-altweibersommer,knaex-gesund-durchs-jahr-–-september:-altweibersommer-
https://www.okapi-online.de/okapi-laub-und-rinden.html,laub-&-rinden,okapi-laub-&-rinden-
https://www.okapi-online.de/okapi-bergkern.html,bergkern,okapi-bergkern
https://www.okapi-online.de/biostickies-schwarzkummel.html,biostickies-schwarzkuemmel-standard,biostickies-schwarzkuemmel-standard-
https://www.okapi-online.de/okapi-sekretosan.html,sekretosan,okapi-sekretosan-
https://www.okapi-online.de/biostickies-thymian.html,biostickies-thymian-standard,biostickies-thymian-standard
https://www.okapi-online.de/knaex-algenkalk-pur.html,knaex-algenkalk-pur,knaex-algenkalk-pur-
https://www.okapi-online.de/okapi-gastercare-forte.html,gastercare-forte,okapi-gastercare-forte-
https://www.okapi-online.de/okapi-vermkraeuter.html,vermkraeuter,okapi-vermkraeuter-
https://www.okapi-online.de/knaex-lamm-snacks.html,knaex-lamm-snacks,knaex-lamm-snacks
https://www.okapi-online.de/biostickies-hagebutte.html,biostickies-hagebutte-standard,biostickies-hagebutte-standard-
https://www.okapi-online.de/okapi-fix-%26-fertig-luzerne-futterprobe.html,fix-&-fertig-luzerne-futterprobe,okapi-fix-&-fertig-luzerne-futterprobe
https://www.okapi-online.de/gentle-detox.html,teepferdchen-gentle-detox,teepferdchen-gentle-detox-
https://www.okapi-online.de/okapi-bauchwohlkekse.html,bauchwohlkekse,okapi-bauchwohlkekse-
https://www.okapi-online.de/okapi-fix-%26-fertig-esparsette-futterprobe.html,fix-&-fertig-esparsette-futterprobe,okapi-fix-&-fertig-esparsette-futterprobe
https://www.okapi-online.de/okapi-haferkekse.html,haferkekse,okapi-haferkekse--
https://www.okapi-online.de/okapi-hustenkraeuter.html,hustenkraeuter,okapi-hustenkraeuter-
https://www.okapi-online.de/knaex-starke-abwehr.html,knaex-gesund-durchs-jahr-–-oktober:-starke-abwehr,knaex-gesund-durchs-jahr-–-oktober:-starke-abwehr-
https://www.okapi-online.de/knaex-wilde-raeubersnacks.html,knaex-wilde-raeubersnacks,knaex-wilde-raeubersnacks
https://www.okapi-online.de/knaex-lapacho.html,knaex-lapacho,knaex-lapacho-
https://www.okapi-online.de/biostickies-mariendistel.html,biostickies-mariendistel-standard,biostickies-mariendistel-standard-
https://www.okapi-online.de/okapi-tuttifrutti.html,tuttifrutti,okapi-tuttifrutti-
https://www.okapi-online.de/knaex-knusperhaehnchen-snacks.html,knaex-knusperhaehnchen-snacks,knaex-knusperhaehnchen-snacks
https://www.okapi-online.de/knaex-starke-kerle.html,knaex-starke-kerle,knaex-starke-kerle-
https://www.okapi-online.de/okapi-vierjahreszeitenfutter-fruehlingsgefuehle-futterprobe.html,vierjahreszeitenfutter-fruehlingsgefuehle-futterprobe,okapi-vierjahreszeitenfutter-fruehlingsgefuehle-futterprobe
https://www.okapi-online.de/knaex-flohsamen.html,knaex-flohsamen,knaex-flohsamen-
https://www.okapi-online.de/okapi-mineral-pur-leckschale-7-000g.html,mineral-pur-g-leckschale,okapi-mineral-pur-g-leckschale-
https://www.okapi-online.de/okapi-vierjahreszeitenfutter-fellwechsel-futterprobe.html,vierjahreszeitenfutter-fellwechsel-futterprobe,okapi-vierjahreszeitenfutter-fellwechsel-futterprobe
https://www.okapi-online.de/okapi-adrenacush-forte.html,adrenacush-forte,okapi-adrenacush-forte-
https://www.okapi-online.de/okapi-mineralkonzentrat-p.html,mineralkonzentrat-p,okapi-mineralkonzentrat-p-
https://www.okapi-online.de/okapi-haferkekse.html,haferkekse,okapi-haferkekse-
https://www.okapi-online.de/knaex-mangrovia-omega-3.html,knaex-mangrovia-omega-3,knaex-mangrovia-omega-3-
https://www.okapi-online.de/knaex-rinderknochenmehl-pur.html,knaex-rinderknochenmehl-pur,knaex-rinderknochenmehl-pur-
https://www.okapi-online.de/knaex-heparsafe-advance.html,knaex-heparsafe-advance,knaex-heparsafe-advance-
https://www.okapi-online.de/okapi-praenat-plus-typ-z.html,praenat-plus-typ-z,okapi-praenat-plus-typ-z
https://www.okapi-online.de/knaex-rinderblutmehl-pur.html,knaex-rinderblutmehl-pur,knaex-rinderblutmehl-pur-
https://www.okapi-online.de/knaex-hagebutte-gemahlen.html,knaex-hagebutte-gemahlen,knaex-hagebutte-gemahlen-
https://www.okapi-online.de/okapi-fruehlingsknusper.html,fruehlingsknusper,okapi-fruehlingsknusper--
https://www.okapi-online.de/okapi-wilde-beeren-kekse.html,wilde-beeren-kekse,okapi-wilde-beeren-kekse-
https://www.okapi-online.de/okapi-herbstknusper.html,herbstknusper,okapi-herbstknusper---
https://www.okapi-online.de/okapi-kraeuterweide.html,kraeuterweide,okapi-kraeuterweide-
https://www.okapi-online.de/okapi-vierjahreszeitenfutter-fruehlingsgefuehle.html,vierjahreszeitenfutter-fruehlingsgefuehle,okapi-vierjahreszeitenfutter-fruehlingsgefuehle-
https://www.okapi-online.de/okapi-topinambur.html,topinambur,okapi-topinambur-
https://www.okapi-online.de/okapi-vierjahreszeitenfutter-sommerkraeuter.html,vierjahreszeitenfutter-sommerkraeuter,okapi-vierjahreszeitenfutter-sommerkraeuter-
https://www.okapi-online.de/okapi-weidemineral-leckschale-7-000g.html,weidemineral-leckschale,okapi-weidemineral-leckschale-
https://www.okapi-online.de/okapi-heucobs-sugar-light.html,heucobs-sugar-light-futterprobe,okapi-heucobs-sugar-light-futterprobe
https://www.okapi-online.de/biostickies-hanf.html,biostickies-hanf-standard,biostickies-hanf-standard-
https://www.okapi-online.de/okapi-kupferchelat-plus.html,kupferchelat-plus,okapi-kupferchelat-plus-
https://www.okapi-online.de/relax-me.html,teepferdchen-relax-me,teepferdchen-relax-me-
https://www.okapi-online.de/knaex-kaese-ei-snacks.html,knaex-kaese-&-ei-snacks,knaex-kaese-&-ei-snacks
https://www.okapi-online.de/okapi-vierjahreszeitenfutter-fellwechsel.html,vierjahreszeitenfutter-fellwechsel,okapi-vierjahreszeitenfutter-fellwechsel-
https://www.okapi-online.de/okapi-mineralkonzentrat-g-s.html,mineralkonzentrat-g-(s),okapi-mineralkonzentrat-g-(s)-
https://www.okapi-online.de/kekse-big-size.html,kekse-big-size,kekse-big-size
https://www.okapi-online.de/okapi-esparsette.html,esparsette,okapi-esparsette-
https://www.okapi-online.de/biostickies-schwarzkuemmel-clickerli.html,biostickies-schwarzkuemmel-clickerli,biostickies-schwarzkuemmel-clickerli-
https://www.okapi-online.de/biostickies-ringelblume.html,biostickies-ringelblume-standard,biostickies-ringelblume-standard-
https://www.okapi-online.de/okapi-weidemineral-g-s.html,weidemineral-g-(s),okapi-weidemineral-g-(s)-
https://www.okapi-online.de/okapi-l-carnitin-plus.html,l,okapi-l-carnitin-plus-
https://www.okapi-online.de/okapi-zinkchelat-plus.html,zinkchelat-plus,okapi-zinkchelat-plus-
https://www.okapi-online.de/okapi-knusprigeclickerlis.html,knusprige-clickerlis,okapi-knusprige-clickerlis-
https://www.okapi-online.de/knaex-coloprotector-advance.html,knaex-coloprotector-advance,knaex-coloprotector-advance-
https://www.okapi-online.de/okapi-vierjahreszeitenfutter-winterweide.html,vierjahreszeitenfutter-winterweide,okapi-vierjahreszeitenfutter-winterweide-
https://www.okapi-online.de/okapi-spirulina.html,spirulina,okapi-spirulina-
https://www.okapi-online.de/okapi-gerstenkekse.html,gerstenkekse,okapi-gerstenkekse
https://www.okapi-online.de/okapi-ration-balancer.html,ration-balancer,okapi-ration-balancer
https://www.okapi-online.de/okapi-detoxkekse.html,detoxkekse,okapi-detoxkekse-
https://www.okapi-online.de/biostickies-thymian.html,biostickies-thymian-standard,biostickies-thymian-standard-
https://www.okapi-online.de/okapi-ganze-flohsamen.html,ganze-flohsamen,okapi-ganze-flohsamen-
https://www.okapi-online.de/okapi-hustenkekse.html,hustenkekse,okapi-hustenkekse-
https://www.okapi-online.de/knaex-spirulina-pellets.html,knaex-spirulina-pellets,knaex-spirulina-pellets-
https://www.okapi-online.de/knaex-kleine-riesen.html,knaex-gesund-durchs-jahr-–-mai:-kleine-riesen,knaex-gesund-durchs-jahr-–-mai:-kleine-riesen-
https://www.okapi-online.de/okapi-vierjahreszeitenfutter-weidestart-futterprobe.html,vierjahreszeitenfutter-weidestart-futterprobe,okapi-vierjahreszeitenfutter-weidestart-futterprobe
https://www.okapi-online.de/okapi-winterknusper.html,winterknusper,okapi-winterknusper-
https://www.okapi-online.de/happy-belly.html,teepferdchen-happy-belly,teepferdchen-happy-belly-
https://www.okapi-online.de/okapi-vierjahreszeitenfutter-herbsttage-futterprobe.html,vierjahreszeitenfutter-herbsttage-futterprobe,okapi-vierjahreszeitenfutter-herbsttage-futterprobe
https://www.okapi-online.de/okapi-imuno-kraeuter.html,imuno-kraeuter,okapi-imuno-kraeuter-
https://www.okapi-online.de/okapi-leichteclickerlis.html,leichte-clickerlis,okapi-leichte-clickerlis--
https://www.okapi-online.de/okapi-vitalcobs.html,vitalcobs,okapi-vitalcobs-
https://www.okapi-online.de/knaex-wilde-beeren.html,knaex-wilde-beeren,knaex-wilde-beeren-
https://www.okapi-online.de/biostickies-thymian-clickerli.html,biostickies-thymian-clickerli,biostickies-thymian-clickerli-
https://www.okapi-online.de/biostickies-aronia.html,biostickies-aronia-standard,biostickies-aronia-standard-
https://www.okapi-online.de/okapi-wildsamen.html,wildsamen,okapi-wildsamen-
https://www.okapi-online.de/okapi-esparsette-futterprobe.html,esparsette-futterprobe,okapi-esparsette-futterprobe
https://www.okapi-online.de/okapi-haferriegel.html,haferriegel,okapi-haferriegel-
https://www.okapi-online.de/okapi-junior-mineral-leckschale-7-000g.html,leckschale-junior-mineral,okapi-leckschale-junior-mineral-
https://www.okapi-online.de/okapi-entschuldigungspaeckchen-wiesenkekse.html,entschuldigungspaeckchen-wiesenkekse,okapi-entschuldigungspaeckchen-wiesenkekse
https://www.okapi-online.de/okapi-colobalance.html,colobalance,okapi-colobalance-
https://www.okapi-online.de/okapi-weihnachtskekse.html,weihnachtskekse,okapi-weihnachtskekse-
https://www.okapi-online.de/okapi-vierjahreszeitenfutter-sommerkraeuter.html,vierjahreszeitenfutter-sommerkraeuter,okapi-vierjahreszeitenfutter-sommerkraeuter
https://www.okapi-online.de/okapi-beruhigungskraeuter.html,beruhigungskraeuter,okapi-beruhigungskraeuter-
https://www.okapi-online.de/okapi-seealgenmehl.html,seealgenmehl,okapi-seealgenmehl-
https://www.okapi-online.de/biostickies-hagebutte-clickerli.html,biostickies-hagebutte-clickerli,biostickies-hagebutte-clickerli-
https://www.okapi-online.de/okapi-detoxkekse.html,detoxkekse,okapi-detoxkekse--
https://www.okapi-online.de/okapi-wiesenkekse.html,wiesenkekse,okapi-wiesenkekse-
https://www.okapi-online.de/knaex-soleil.html,knaex-gesund-durchs-jahr-–-august:-soleil,knaex-gesund-durchs-jahr-–-august:-soleil-
https://www.okapi-online.de/okapi-haferriegel.html,haferriegel,okapi-haferriegel--
https://www.okapi-online.de/knaex-bronchialkraeuter.html,knaex-bronchialkraeuter,knaex-bronchialkraeuter-
https://www.okapi-online.de/okapi-luzerne-fix-fertig.html,fix-&-fertig-luzerne,okapi-fix-&-fertig-luzerne-
https://www.okapi-online.de/okapi-cranberrykekse.html,cranberry-kekse,okapi-cranberry-kekse--
https://www.okapi-online.de/okapi-vitalcobs-futterprobe.html,vitalcobs-futterprobe,okapi-vitalcobs-futterprobe
https://www.okapi-online.de/knaex-muskelfit.html,knaex-muskelfit,knaex-muskelfit-
https://www.okapi-online.de/knaex-Schneeschmelze.html,knaex-gesund-durchs-jahr-–-februar:-schneeschmelze,knaex-gesund-durchs-jahr-–-februar:-schneeschmelze-
https://www.okapi-online.de/okapi-vierjahreszeitenfutter-weidestart.html,vierjahreszeitenfutter-weidestart,okapi-vierjahreszeitenfutter-weidestart-
https://www.okapi-online.de/okapi-praenat-plus-typ-k.html,praenat-plus-typ-k,okapi-praenat-plus-typ-k-
https://www.okapi-online.de/okapi-kernigecracker.html,kernige-cracker,okapi-kernige-cracker-
https://www.okapi-online.de/okapi-leberpflege.html,leberpflege,okapi-leberpflege-
https://www.okapi-online.de/knaex-seealgen-pur.html,knaex-seealgen-pur,knaex-seealgen-pur-
https://www.okapi-online.de/okapi-entschlackungskraeuter.html,entschlackungskraeuter,okapi-entschlackungskraeuter-
https://www.okapi-online.de/knaex-pfuetzenspass.html,knaex-gesund-durchs-jahr-–-november:-pfuetzenspass,knaex-gesund-durchs-jahr-–-november:-pfuetzenspass-
https://www.okapi-online.de/biostickies-ringelblume-clickerli.html,biostickies-ringelblume-clickerli,biostickies-ringelblume-clickerli-
https://www.okapi-online.de/biostickies-natur-pur.html,biostickies-natur-pur-standard,biostickies-natur-pur-standard-
https://www.okapi-online.de/knaex-Apport.html,knaex-gesund-durchs-jahr-–-maerz:-apport,knaex-gesund-durchs-jahr-–-maerz:-apport-
https://www.okapi-online.de/okapi-lymeth.html,lymeth,okapi-lymeth-
https://www.okapi-online.de/knaex-heublumen.html,knaex-gesund-durchs-jahr-–-juni:-heublumen,knaex-gesund-durchs-jahr-–-juni:-heublumen-
https://www.okapi-online.de/biostickies-hanf-clickerli.html,biostickies-hanf-clickerli,biostickies-hanf-clickerli-
https://www.okapi-online.de/knaex-huminbalance.html,knaex-huminbalance,knaex-huminbalance-
https://www.okapi-online.de/okapi-entschlackungskraeuter.html,entschlackungskraeuter,okapi-entschlackungskraeuter
https://www.okapi-online.de/okapi-darmwohlkraeuter.html,darmwohlkraeuter,okapi-darmwohlkraeuter-
https://www.okapi-online.de/okapi-gerstenriegel.html,gerstenriegel,okapi-gerstenriegel--
https://www.okapi-online.de/okapi-sommerknusper.html,sommerknusper,okapi-sommerknusper--
https://www.okapi-online.de/okapi-vierjahreszeitenfutter-sommerkraeuter-futterprobe.html,vierjahreszeitenfutter-sommerkraeuter-futterprobe,okapi-vierjahreszeitenfutter-sommerkraeuter-futterprobe
https://www.okapi-online.de/okapi-gerstenriegel.html,gerstenriegel,okapi-gerstenriegel-
https://www.okapi-online.de/biostickies-natur-pur-clickerli.html,biostickies-natur-pur-clickerli,biostickies-natur-pur-clickerli-
https://www.okapi-online.de/knaex-aurora.html,knaex-gesund-durchs-jahr-–-januar:-aurora,knaex-gesund-durchs-jahr-–-januar:-aurora-
https://www.okapi-online.de/knaex-immun-power.html,knaex-immun,knaex-immun-power-
https://www.okapi-online.de/okapi-wilde-beeren.html,wilde-beeren,okapi-wilde-beeren-
https://www.okapi-online.de/knaex-feine-graeser.html,knaex-feine-graeser,knaex-feine-graeser-
https://www.okapi-online.de/okapi-pankrems-forte.html,pankrems-forte,okapi-pankrems-forte-
https://www.okapi-online.de/okapi-ffesparsette.html,fix-&-fertig-esparsette,okapi-fix-&-fertig-esparsette--
https://www.okapi-online.de/okapi-knusprigeclickerlis.html,knusprige-clickerlis,okapi-knusprige-clickerlis--
https://www.okapi-online.de/okapi-leinsamenriegel.html,leinsamenriegel,okapi-leinsamenriegel-
https://www.okapi-online.de/relax.html,relax,okapi-relax-
https://www.okapi-online.de/middle-size-kekse.html,middle-size-kekse,middle-size-kekse
https://www.okapi-online.de/okapi-kernigecracker.html,kernige-cracker,okapi-kernige-cracker--
https://www.okapi-online.de/okapi-mineral-bricks.html,mineralbricks,okapi-mineralbricks-
https://www.okapi-online.de/okapi-leichteclickerlis.html,leichte-clickerlis,okapi-leichte-clickerlis-
https://www.okapi-online.de/biostickies-mariendistel-clickerli.html,biostickies-mariendistel-clickerli,biostickies-mariendistel-clickerli-
https://www.okapi-online.de/okapi-heparkpu-forte.html,heparkpu-forte,okapi-heparkpu-forte-
https://www.okapi-online.de/okapi-gerstenkekse.html,gerstenkekse,okapi-gerstenkekse--
https://www.okapi-online.de/okapi-wald-weide-kekse.html,waldweide-kekse,okapi-waldweide-kekse--
https://www.okapi-online.de/knaex-kraftquelle.html,knaex-gesund-durchs-jahr-–-dezember:-kraftquelle,knaex-gesund-durchs-jahr-–-dezember:-kraftquelle-
https://www.okapi-online.de/biostickies-aronia-clickerli.html,biostickies-aronia-clickerli,biostickies-aronia-clickerli-
https://www.okapi-online.de/okapi-mineralkekse.html,mineralkekse,okapi-mineralkekse-
https://www.okapi-online.de/okapi-heucobs-sugar-light.html,heucobs-sugar-light,okapi-heucobs-sugar-light-
https://www.okapi-online.de/knaex-hirschhornmehl-pur.html,knaex-hirschornmehl-pur,knaex-hirschornmehl-pur-
https://www.okapi-online.de/biostickies-fenchel.html,biostickies-fenchel-standard,biostickies-fenchel-standard-
https://www.okapi-online.de/okapi-vierjahreszeitenfutter-winterweide-futterprobe.html,vierjahreszeitenfutter-winterweide-futterprobe,okapi-vierjahreszeitenfutter-winterweide-futterprobe
https://www.okapi-online.de/okapi-prodic.html,prodic,okapi-prodic-
https://www.okapi-online.de/knaex-leber-snacks.html,knaex-leber-snacks,knaex-leber-snacks
https://www.okapi-online.de/okapi-junior-mineral.html,junior-mineral-g,okapi-junior-mineral-g-
https://www.okapi-online.de/okapi-endoprotect.html,endoprotect,okapi-endoprotect-
https://www.okapi-online.de/kieselgur.html,kieselgur-plus,okapi-kieselgur-plus-
https://www.okapi-online.de/okapi-synofit.html,synofit,okapi-synofit-
https://www.okapi-online.de/okapi-elektrolyt-konzentrat.html,elektrolyt,okapi-elektrolyt-konzentrat-
https://www.okapi-online.de/knaex-gruenes-gemuese.html,knaex-gruene-gemuese,knaex-gruene-gemuese-
https://www.okapi-online.de/okapi-wiesenkekse.html,wiesenkekse,okapi-wiesenkekse--
https://www.okapi-online.de/knaex-magenwohl.html,knaex-magenwohl,knaex-magenwohl-
https://www.okapi-online.de/biostickies-suessholz-clickerli.html,biostickies-suessholz-clickerli,biostickies-suessholz-clickerli-
https://www.okapi-online.de/okapi-coloprotect-forte.html,coloprotect-forte,okapi-coloprotect-forte
https://www.okapi-online.de/okapi-mineral-pur-g.html,mineral-pur-g,okapi-mineral-pur-g-
https://www.okapi-online.de/biostickies-thymian-clickerli.html,biostickies-thymian-clickerli,biostickies-thymian-clickerli
https://www.okapi-online.de/okapi-vierjahreszeitenfutter-herbsttage.html,vierjahreszeitenfutter-herbsttage,okapi-vierjahreszeitenfutter-herbsttage-
https://www.okapi-online.de/knaex-nierenkraeuter.html,knaex-nierenkraeuter,knaex-nierenkraeuter-
https://www.okapi-online.de/okapi-leinsamenriegel.html,leinsamenriegel,okapi-leinsamenriegel--
https://www.okapi-online.de/knaex-wilde-wurzeln.html,knaex-wilde-wurzeln,knaex-wilde-wurzeln-
https://www.okapi-online.de/okapi-spirulina-pellets.html,spirulina-pellets,okapi-spirulina-pellets-
https://www.okapi-online.de/knaex-fish-n-chips-snacks.html,knaex-fish-'n'-chips-snacks,knaex-fish-'n'-chips-snacks
https://www.okapi-online.de/okapi-lax-flohsamenschalen.html,lax-flohsamenschalen,okapi-lax-flohsamenschalen-
https://www.okapi-online.de/knaex-alles-im-fluss.html,knaex-gesund-durchs-jahr-–-april:-alles-im-fluss,knaex-gesund-durchs-jahr-–-april:-alles-im-fluss-
https://www.okapi-online.de/knaex-wiesenpower.html,knaex-wiesenpower,knaex-wiesenpower-
https://www.okapi-online.de/knaex-prodarm.html,knaex-prodarm,knaex-prodarm-
https://www.okapi-online.de/knaex-kaninchen-snacks.html,knaex-kaninchen-snacks,knaex-kaninchen-snacks
https://www.okapi-online.de/okapi-chiaclickerlis.html,chia-clickerlis,okapi-chia-clickerlis-
https://www.okapi-online.de/biostickies-fenchel-clickerli.html,biostickies-fenchel-clickerli,biostickies-fenchel-clickerli-
https://www.okapi-online.de/pranat-plus-typ-z-k.html,praenat-plus-typ-z-&-k,okapi-praenat-plus-typ-z-&-k
https://www.okapi-online.de/okapi-suessholzextrakt.html,suessholzextrakt,okapi-suessholzextrakt-
https://www.okapi-online.de/okapi-teufelskralle.html,teufelskralle,okapi-teufelskralle-
https://www.okapi-online.de/okapi-lapachorinde.html,lapachorinde,okapi-lapachorinde-
https://www.okapi-online.de/okapi-hagebutten.html,hagebutten,okapi-hagebutten-
https://www.okapi-online.de/okapi-hustenkekse.html,hustenkekse,okapi-hustenkekse--
https://www.okapi-online.de/okapi-schwefel-plus.html,schwefel-plus,okapi-schwefel-plus-
https://www.okapi-online.de/okapi-bitterkraeuter.html,bitterkraeuter,okapi-bitterkraeuter-
https://www.okapi-online.de/knaex-gelenkfit.html,knaex-gelenkfit,knaex-gelenkfit-
https://www.okapi-online.de/biostickies-sussholz.html,biostickies-suessholz-standard,biostickies-suessholz-standard-
https://www.okapi-online.de/okapi-mineralkekse.html,mineralkekse,okapi-mineralkekse--
https://www.okapi-online.de/knaex-bauchwohlkraeuter.html,knaex-bauchwohlkraeuter,knaex-bauchwohlkraeuter-
https://www.okapi-online.de/okapi-hoofcool-forte.html,hoofcool-forte,okapi-hoofcool-forte-
https://www.okapi-online.de/okapi-blaubeerkekse.html,blaubeer-kekse,okapi-blaubeer-kekse-
https://www.okapi-online.de/okapi-cranberrykekse.html,cranberrykekse,okapi-cranberrykekse-
https://www.okapi-online.de/okapi-prodic.html,prodic,okapi-prodic
https://www.okapi-online.de/okapi-hustenkraeuter.html,hustenkraeuter,okapi-hustenkraeuter
https://www.okapi-online.de/knaex-Schaeferfreund.html,knaex-gesund-durchs-jahr-–-juli:-schaeferfreund,knaex-gesund-durchs-jahr-–-juli:-schaeferfreund-
https://www.okapi-online.de/okapi-junior-mineral-kekse.html,junior-mineral-kekse,okapi-junior-mineral-kekse-
https://www.okapi-online.de/okapi-wald-weide-kekse.html,waldweide-kekse,okapi-waldweide-kekse-
https://www.okapi-online.de/okapi-senior-mineral-g.html,senior-mineral-g,okapi-senior-mineral-g-
https://www.okapi-online.de/knaex-sehnen-und-baenderfit.html,knaex-sehnen,knaex-sehnen-und-baenderfit-
